key,0
EX7,11.239787101745605
EX7,11.402281045913696
EX7,11.90194582939148
