key,0
EX7,6.359263181686401
EX7,6.208136081695557
EX7,6.1748716831207275
EX7,6.171576976776123
EX7,6.178717851638794
EX7,6.860278844833374
EX7,6.141056060791016
EX7,6.153641939163208
EX7,6.1399149894714355
EX7,6.129436254501343
