key,0
EX7,94.76464319229126
EX7,64.91956400871277
EX7,71.2941198348999
