key,final,initial
EX7,1.0229184462856724,0.8207693553699729
EX7,0.743685807398667,0.8207693553699729
EX7,1.0699673073431573,0.8207693553699729
