key,0
EX7,88.42707419395447
EX7,58.22662711143494
EX7,22.846179008483887
