key,final,initial
EX7,268.58235574268326,394.90480447440405
EX7,269.5363691417375,394.90480447440405
EX7,275.95634222301123,394.90480447440405
