key,final,initial
EX7,161.08153683756763,3.32520406118745
EX7,266.6832283235424,3.32520406118745
EX7,777.1526296604387,3.32520406118745
