key,final,initial
EX7,29.259107967995867,22.25708041909125
EX7,29.53442583730922,22.25708041909125
EX7,28.485870653310595,22.25708041909125
EX7,29.604906373543063,22.25708041909125
EX7,29.68902161441145,22.25708041909125
EX7,29.137250356899532,22.25708041909125
EX7,28.826212722513613,22.25708041909125
EX7,29.881064873998604,22.25708041909125
EX7,28.90889683613485,22.25708041909125
EX7,29.694722294811573,22.25708041909125
